{
  "ep_length_mean": [
    200.0,
    200.0
  ],
  "ep_length_mean_T": [
    1600,
    12800
  ],
  "episode": [
    56
  ],
  "episode_T": [
    11200
  ],
  "episode_limit_mean": [
    1.0,
    1.0
  ],
  "episode_limit_mean_T": [
    1600,
    12800
  ],
  "epsilon": [
    1.0,
    0.8936000000000001
  ],
  "epsilon_T": [
    1600,
    12800
  ],
  "return_mean": [
    2.5,
    4.642857142857143
  ],
  "return_mean_T": [
    1600,
    12800
  ],
  "return_std": [
    4.330127018922194,
    5.96546181731788
  ],
  "return_std_T": [
    1600,
    12800
  ],
  "test_ep_length_mean": [
    200.0
  ],
  "test_ep_length_mean_T": [
    1600
  ],
  "test_episode_limit_mean": [
    1.0
  ],
  "test_episode_limit_mean_T": [
    1600
  ],
  "test_return_mean": [
    0.0
  ],
  "test_return_mean_T": [
    1600
  ],
  "test_return_std": [
    0.0
  ],
  "test_return_std_T": [
    1600
  ]
}